{
  "project_info": {
    "project_number": "494393090659",
    "firebase_url": "https://athack-1d612.firebaseio.com",
    "project_id": "athack-1d612",
    "storage_bucket": "athack-1d612.appspot.com"
  },
  "client": [
    {
      "client_info": {
        "mobilesdk_app_id": "1:494393090659:android:b8d91a85dca1879142ce56",
        "android_client_info": {
          "package_name": "com.simcoder.tinder"
        }
      },
      "oauth_client": [
        {
          "client_id": "494393090659-ic0a5gticlhbenlf0mpjmef7lvf07d81.apps.googleusercontent.com",
          "client_type": 3
        }
      ],
      "api_key": [
        {
          "current_key": "AIzaSyDeEfsnY5GK7T0xRUvG2M82Z7oG0tVGtGY"
        }
      ],
      "services": {
        "appinvite_service": {
          "other_platform_oauth_client": [
            {
              "client_id": "494393090659-ic0a5gticlhbenlf0mpjmef7lvf07d81.apps.googleusercontent.com",
              "client_type": 3
            }
          ]
        }
      }
    }
  ],
  "configuration_version": "1"
}